,ph,Hardness,Solids,Chloramines,Sulfate,Conductivity,Organic_carbon,Trihalomethanes,Turbidity,Potability
count,1791.0,1791.0,1791.0,1791.0,1791.0,1791.0,1791.0,1791.0,1791.0,1791.0
mean,7.072984257592136,196.2536873877256,21482.187746222902,7.122492080803265,333.6799810853568,425.58386233658814,14.424835857437275,66.39892950173561,3.9720486197747795,0.3908431044109436
std,1.4382406277155473,29.40486735677926,7999.807026745665,1.4223622226354717,37.15937954394399,79.94161628171406,3.2278808689729876,15.483894763959405,0.7596630801256885,0.4880755888158667
min,3.14871228517616,117.79122955039698,320.942611274359,3.18118329063755,232.54881350488503,201.6197367551575,5.512039717949506,24.532773339318773,1.872572600841316,0.0
25%,6.114756045277121,177.72359910616382,15473.227704707031,6.185317391092918,308.9297911415767,366.1079858443488,12.233041595250455,56.15854233831321,3.444735285900695,0.0
50%,7.0258217707497685,197.374481802656,20511.36924032244,7.135063441641857,332.87757365430787,421.4173518400164,14.354595084553296,66.16522426750954,3.969740440383512,0.0
75%,7.991062926654159,215.44292287347884,26698.80754015199,8.06528939929633,358.24259245599774,481.8776720621179,16.786243634482872,77.27400925193666,4.5105002940091925,1.0
max,10.90507641006552,275.7467164820933,44499.72870971962,10.999995159050403,433.6338999149112,652.5375916144461,23.3732650359234,108.84956802943516,6.08377235388592,1.0
